Article	Category
Megathread: Sean Spicer WWII gaffe	Politics
Manafort Firm Received Ukraine Ledger Payout	Politics
Its not too late to get rid of FBI Director James Comey, Trump says	Politics
Donald Trump, who doesnt read books, is ignorant of history  and so is his pet chump Sean Spicer	Politics
Did he or didnt he? Trump contradicts himself on whether he knew Steve Bannon	Politics
Trump lists Carter Page among his foreign policy team in 2016	Politics
Is Stephen Bannon getting pushed out? The latest signs point to Yes.	Politics
Silicon Valley is beginning to fight the Trump administrations net neutrality plan	Politics
Theres proof that ex-Trump campaign manager Paul Manafort lied about not being paid by Russia proxies: report	Politics
TMZ catches Paul Ryan vacationing at Universal theme park while avoiding town halls at home	Politics
EPA: US Steel leaks chemical into Lake Michigan tributary	Politics
Dems to unveil populist agenda showing Sanders sway	Politics
Trump Lifting His Federal Hiring Freeze	Politics
Prosecutor: Jeff Sessionss New Immigration Plan Is F*cking Horrifying	Politics
Trump tells Fox how he ordered strikes on Syria over dessert with Xi	Politics
The Republican Won, but Voters Shifted Left in the Kansas Special Election	Politics
Poll: Dems hold double-digit leads in Virginia governor race	Politics
President Trumps vacations already set to surpass Obamas total travel expenses	Politics
Trump wont let reality stop him from lying about Susan Rice	Politics
FBI obtained FISA warrant to monitor former Trump adviser Carter Page	Politics
The Republican Party is dissolving before our eyes	Politics
President Trump gets almost everything wrong about the Kansas special election in a dumbfounding tweet	Politics
Manafort firm received Ukraine ledger payout	Politics
Congressmen Gaetz and Soto Propose Legislation to Reschedule Marijuana	Politics
Sessions: Congress will fund Trumps border wall	Politics
Classified docs contradict Nunes surveillance claims, GOP and Dem sources say	Politics
When a loss is a win: 25-point swing in Kansas House race could mean Democratic landslide in 2018	Politics
Why are California legislators getting decent approval ratings? Theyre getting things done	Politics
US companies now have 1.6 trillion stashed in tax havens and Trumps plans will make matters worse, Oxfam claims	Politics
FBI says Jeff Sessions pick for Trump team was an alleged Russian agent	Politics
Trump just threw Steve Bannon under the bus and backed it up over him	Politics
Trumps saber-rattling is North Koreas propaganda dream come true	Politics
Carter Page Feels Like a Warning Shot	Politics
This could be the end for Bill OReilly	Politics
DeVos undoes Obama student loan protections; defaults expected to rise	Politics
Trump says he created 600,000 jobs. Not true	Politics
Nature supports the march for science	Politics
Spicer: I let the president down	Politics
Russian Spy Met Trump Adviser Carter Page and Thought He Was an Idiot	Politics
Airlines Treat People Like Dirt Because the Republicans in Congress Let Them	Politics
Trump Budget Director Admits Their Goal Is High Inequality, Not Low Deficits	Politics
Republican climate change deniers condemned as woefully ignorant by scientists	Politics
Trump thinks that we bombed Iraq, not Syria. Has to be corrected by the interviewer.	Politics
DeVos Undoes Obama Student Loan Protections	Politics
Trump voters realize the hard way that the president cant follow through.	Politics
The wife of the Alabama governor who just resigned orchestrated his downfall after she caught him cheating	Politics
Middle East travellers to the US down 20%, says Marriott CEO	Politics
Every Part Of This Sentence From Donald Trump Is False	Politics
Republicans are floating a tax reform plan that could threaten Social Security	Politics
Tillerson Asks Why U.S. Taxpayers Should Care About Ukraine	Politics
Germany on Spicer: Nazi parallels lead to nothing good	Politics
Ajit Pai cant convince websites that killing net neutrality is a good idea	Politics
The FCCs plan to kill net neutrality will also kill internet privacy	Politics
Chris Matthews speculates Syria airstrike was set piece to kill Trump/Putin narrative	Politics
If every House election went like last nights, Dems would win a 314-seat House majority in 2018	Politics
North Carolina Republicans File Bill to Ban Same-Sex Marriage	Politics
Mitt Romneys binders full of women were real and have been leaked to the press	Politics
Donald Trump just keeps saying things that arent true	Politics
Crowd shouts You Lie at Joe Wilson, who shouted at Obama	Politics
The stunning hypocrisy of Scott Pruitts request for around-the-clock bodyguards	Politics
Jeff Sessions prepared speech at the border referred to immigrants as filth	Politics
The Trump Administration Lost Again in Court, This Time on Voter ID	Politics
Trump: I told Chinese president about Syria airstrikes over dessert	Politics
Trump Declines to Say He Supports Bannon, Declares, Im My Own Strategist	Politics
Howard Dean was warning people about the opioid crisis a decade ago	Politics
Putin meets with Tillerson in Russia as Syria row deepens	Politics
A group of engineers just submitted this incredible proposal for Trumps border wall thats actually a $15 billion hyperloop	Politics
Donald Trump sounds sick of Steve Bannon	Politics
Schumer: If Trump doesnt release his tax returns, its going to make tax reform much harder	Politics
The butchers bill keeps growing: Donald Trump abuses his own voters  and yet they love him	Politics
White House loses it over sanctuary cities: Team Trump threatens a government shutdown	Politics
Utah brothers launch billboard campaign to send message to Chaffetz	Politics
Trumps modeling agency to shut down after exploiting illegal immigrants	Politics
Trump blames vacancies on lousy process	Politics
Fox Business Host Corrects Trump When He Says He Fired Missiles At Iraq	Politics
Manafort firm received Ukraine ledger payout	Politics
Live Results: Republicans Defend House Seat in Kansas Special Election	Politics
Germany to Spicer: Nazi analogies lead to nothing good	Politics
Trumps tax returns will be immediately under audit	Politics
Georgia Republican makes unsubstantiated claim that rival is putting up yard signs without asking	Politics
Manafort firm received Ukraine ledger payout	Politics
Nancy Pelosi: Sean Spicer must be fired	Politics
GLAAD Calling on Nikki Haley to Act on Chechyna	Politics
Trump is taking credit for jobs companies planned years in advance	Politics
Scott Pruitt requests funds for a 24/7 fleet of bodyguards, as the EPA is poised to cut health and safety programs	Politics
Trump Signals Steve Bannon Could Be On His Way Out	Politics
Tennessee Could Give Taxpayers Americas Fastest Internet For Free, But It Will Give Comcast and AT&T $45 Million Instead	Politics
Donald Trumps White House cant even organize the Easter Egg roll	Politics
Why Doesnt the United States Have Universal Healthcare?	Politics
3 of Alabamas most powerful Republicans forced from office in 9 months	Politics
Sorry America, Your Taxes Arent High	Politics
Nearly 1,500 economists across political divide agree that immigrants are good for the U.S.	Politics
Climate Change Is A National Security Issue, Says The Military	Politics
A Republican Wins in Kansas. Its Still a Loss for the G.O.P.	Politics
Panicked Borrowers, and the Education Departments Unsettling Silence	Politics
President Trumps throughly confusing Fox Business interview, annotated	Politics
No, Trump Has Not Created 600,000 Jobs Since Becoming President	Politics
Attendees chant you lie at U.S. Rep. Joe Wilson during Graniteville town hall	Politics
Donald Trump recounts eating the most beautiful piece of chocolate cake with Xi Jinping while launching missiles heading to Iraq	Politics
Vladimir Putin says US-Russia relations are worse since Donald Trump took office	Politics
Im Rep. Beth Fukumoto, former Republican, current Independent, prospective Democrat	Politics
The most ill-informed, under-prepared, and psychologically ill-equipped president in US history	Politics
Trump Says He May Freeze Subsidies to the Poor Until Democrats Repeal Obamacare	Politics
Trump-linked businesses loaned $13M to shell corporation Paul Manafort created on day he left campaign	Politics
Watchdog Claims They Have Evidence Bannon Was Illegally Paid as Trumps Campaign Chair	Politics
Ex-MI6 chief accuses Donald Trump of secretly borrowing from Russia to keep his property empire afloat during the financial crisis	Politics
Trump Says He Didnt Know Bannon Until Campaign, but They Met in 2011	Politics
Undercooled meat. Dangerous fish. Health inspectors zing Trumps Mar-a-Lago kitchen	Politics
Trump on North Korea: after listening for 10 minutes, I realized its not so easy	Politics
After Campaign Exit, Manafort Borrowed From Businesses With Trump Ties	Politics
Trump Reverses Himself On 6 Major Issues In 2 Days	Politics
Donald Trump Is Still Annoyed That Everyone Thinks Steve Bannon Is the Real President	Politics
New Evidence Suggests Mercer-Backed Super PAC Unlawfully Coordinated with Trump Campaign; Bannon Front did not Comply with California Law	Politics
The Russia story just keeps getting worse for President Trump	Politics
Attorney General Jeff Sessions Is Using His Job to Purge America of People Who Dont Look Like Him	Politics
Secretary Tillerson fails to defend US journalist in Russia	Politics
The FBI suspected Carter Page was working as an agent for Russia	Politics
US intelligence intercepted communications between Syrian military and chemical experts	Politics
The Latest: Page wont say who brought him on Trump campaign	Politics
Carter Page now a no comment on FBI investigations	Politics
Trump flips on four policies in one day	Politics
Sanders: Trump will be a one-term president	Politics
George W. Bush Calls Foreign Aid A Moral And Security Imperative	Politics
North Carolina GOP Lawmaker Calls Abraham Lincoln a Tyrant Like Adolf Hitler	Politics
Sessions Is Surprised At Public Backlash To His Marijuana Rhetoric	Politics
Sanders: Dems win if we mobilize & educate	Politics
Its not too late to get rid of FBI Director James Comey, Trump says	Politics
The First Woman Muslim Judge In The US Has Been Found Dead In A New York River	Politics
Prediction prof: Trump will be impeached	Politics
Donald Trump Forgot Which Country He Just Bombed	Politics
Donald Trump recounts eating the most beautiful piece of chocolate cake with Xi Jinping while launching missiles heading to Iraq	Politics
FBI says Jeff Sessions pick for Trump team was an alleged Russian agent	Politics
Susan Rice was in the right, and Devin Nunes was oh so wrong: Report	Politics
Donald Trump says Nato is no longer obsolete as he thanks alliance members for condemning Syria chemical attack	Politics
Donald Trump just keeps saying things that arent true	Politics
Texas Doesnt Want Trumps Wall Either	Politics
Trump the most psychologically ill-equipped  US president ever, says Gareth Evans	Politics
United dragging incident fuels push for passenger rights | TheHill	Politics
Jared and Ivanka Are Not Good People. They Are Enablers.	Politics
White House budget director says Trump promise to eliminate debt was just hyperbole	Politics
N.C. Representative Larry Pittman Calls Abraham Lincoln the Same Sort [of] Tyrant as Hitler and We Are Not Even Making That Up	Politics
Manafort Firm Received Ukraine Ledger Payout	Politics
Shocker: Donald Trump Also Sounds Illiterate On Tax Policy	Politics
Did he or didnt he? Trump contradicts himself on whether he knew Steve Bannon	Politics
Trump tells Fox how he ordered strikes on Syria over dessert with Xi	Politics
GOP congressman says Spicer needs to go after Hitler comments	Politics
Is Stephen Bannon getting pushed out? The latest signs point to Yes.	Politics
Top U.S. Election Official: There Is No Voting Fraud Epidemic	Politics
Former Trump campaign chairman to register as foreign agent	Politics
Rex Tillerson ditches U.S. press pool for surprise visit with Putin	Politics
Rex Tillerson says Russian meddling in US election is well-established	Politics
Trump downplays 5-year Bannon relationship	Politics
Mexican ambassador: Our approach to Trump is strategic patience	Politics
The Latest: Manafort registering with US as foreign agent	Politics
Malala Becomes Canadian Citizen	Politics
Trumps claim that Susan Rice broke the law has not been confirmed by intelligence reports, say GOP and Dems	Politics
Carter Page Refuses To Disclose Who Brought Him Onto Trump Campaign	Politics
Robert Reich: Trump is fleecing America, and the Department of Justice is letting it happen	Politics
United Airlines Spent Millions Fighting Proposals To Protect Passenger Rights	Politics
Report: After leaving campaign, Manafort borrowed millions from Trump-tied businesses	Politics
Who is Mr.Cohen? Trumps attorney received $350,000 for the Izmaylovskaya Criminal Group  Felshtinsky	Politics
Trumps CEO business friends are trying to steer him away from Bannons hard-line ideological policies	Politics
GOP rep: Spicers Hitler remark not without some validity	Politics
Trump lists Carter Page among his foreign policy team in 2016	Politics
Judge Gorsuch favors corporate goliaths over small businesses	Politics
GOP rep on Spicer: He needs to go	Politics
Whose Side Is Betsy DeVos On?	Politics
Donald Trump Is Our Most Helpless President	Politics
Why Surveillance of Carter Page Is Such a Bombshell	Politics
Wildlife conservationists sue over proposed border wall	Politics
1,500 economists to Trump: Immigrants are good for the U.S. economy	Politics
Donald Trump, who doesnt read books, is ignorant of history  and so is his pet chump Sean Spicer	Politics
Anderson Cooper Stunned By Trumps Latest Comments On North Korea	Politics
Trump wont let reality stop him from lying about Susan Rice	Politics
GOP Rep. Mike Coffman says Sean Spicer needs to go	Politics
Congressmen Gaetz and Soto Propose Legislation to Reschedule Marijuana	Politics
Silicon Valley is beginning to fight the Trump administrations net neutrality plan	Politics
Trump sparks first protest in space: Space networks screw-you message flies 90,000 feet high	Politics
California prosecutors have turned the tables on Planned Parenthoods undercover video tormentors	Politics
Why are California legislators getting decent approval ratings? Theyre getting things done	Politics
Trump may halt insurer payments to force Democrats to table on healthcare	Politics
Get Set For Trump Revisions To Your Affordable Care Act Insurance	Politics
Dan Rather Thinks We Need Patriotism, Not Nationalism	Politics
Trump backtracks on China, wont label it a currency manipulator	Politics
Maxine Waters Isnt Afraid To Talk Impeachment	Politics
Trump says we are keeping our promises after several major policy reversals	Politics
Cross dressers in the building: A Capitol staffer warns when LGBT students visit	Politics
Even Before Trump, The Republican Party Was Reluctant To Push Out Nazi-Linked Officials.	Politics
Is Bannon doomed? It hardly matters  Jeff Sessions is much better at white nationalism anyway	Politics
Alarming new evidence of Team Trumps ties with Russia	Politics
Trump Threatens to Stop Crucial Obamacare Payments to Insurers	Politics
What would happen if Trump fired Bannon?	Politics
Poll: Dems hold double-digit leads in Virginia governor race	Politics
Prosecutor: Jeff Sessionss New Immigration Plan Is F*cking Horrifying	Politics
Trump threatens to fire the man in charge of investigating his ties to Russia	Politics
Paul Manafort, who once ran Trumps campaign, expected to admit he worked as a foreign agent	Politics
President Trump gets almost everything wrong about the Kansas special election in a dumbfounding tweet	Politics
Spicer apologized to a Jewish megadonor but not to Jewish members of Congress	Politics
Trump: Now its Bannons fault	Politics
DeVos undoes Obama student loan protections; defaults expected to rise	Politics
Im Rep. Beth Fukumoto, former Republican, current Independent, prospective Democrat	Politics
Donald Trump-Russia investigation now has specific concrete and corroborative evidence of collusion	Politics
Republican congressman tells his constituents that because hes rich, he doesnt work for them	Politics
Former Defense Secretary Criticizes President Trump For Saying My Military	Politics
Former MI6 chief suggests Donald Trump may have secretly borrowed Russian money to keep his businesses afloat when others in the west wouldnt lend to him	Politics
Trump 90 Days Ago: My People Will Have a Full Report on Hacking Within 90 Days!	Politics
Trump admin drops bomb as new Russia story breaks	Politics
Asked about privacy changes, GOP rep says internet usage is optional	Politics
Richard Posner: The Real Corruption Is the Ownership of Congress by the Rich	Politics
Democrats In Illinois Just Unseated A Whole Bunch Of Republicans	Politics
ICE targets mother with no criminal record for deportation	Politics
Trump arrives at Mar-a-Lago for three-day Easter weekend	Politics
British intel agency reported Trump campaign Russia ties: Report	Politics
Trump faces Chinese mockery following embarrassing reversals	Politics
Survey says: Political polarization isnt the internets fault -- A study says hyper-partisanship is more common among older people who barely use the internet	Politics
After Tillerson Leaves, Putin Orders Sweeping Arrests of Opposition Figures	Politics
More TrumpRegrets every day: Now the hard-right nationalists are losing their religion	Politics
Glenn Beck: Trump another Republican who said stuff and didnt mean it	Politics
You work for us: Arizona Sen. Jeff Flake faces hostile town hall	Politics
Sanders wins big with free public college and Medicare for all	Politics
Trump used the phrase my military  a former US defense secretary was not amused	Politics
The Trump Doctrine: Eat cake, fire missiles, learn on the job	Politics
Trump made sure the media didnt see him sign a bill to cut Planned Parenthood funding .	Politics
James Comey Says Americans Should Be Wary of Troll Farms Peddling Fake News	Politics
Spending blind: Shocking education report shows taxpayers pay millions for subpar charter schools	Politics
Ex-Pentagon chief: Its not Trumps military	Politics
Carter Page: All of the lies are coming out into the open	Politics
FBI director: Public should be aware agenda-driven fake news	Politics
Analysts identify #SyriaHoax as Russian-fueled propaganda	Politics
CIA Director: WikiLeaks a non-state hostile intelligence service	Politics
Donald Trump just quietly signed away more womens rights	Politics
It looks like Donald Trump is trying to bomb his way to popularity.	Politics
British intelligence passed Trump associates communications with Russians on to US counterparts	Politics
Ivanka Trump: Majority of young US women view Donald Trumps daughter negatively, poll finds	Politics
China says North Korea tension has to be stopped before it reaches irreversible stage.	Politics
Spicer refuses to say if Trump was in Situation Room for Afghanistan strike, flees amid questions.	Politics
House Democrats want Kushners security clearance suspended	Politics
Ex-acting CIA chief: Trump is making North Korea situation worse	Politics
GOP Candidate Loses Partys Support After Telling Woman You Should F**k Me	Politics
Airlines Treat People Like Dirt Because the Republicans in Congress Let Them	Politics
We are relying on China and Russia to tell us what Trump and Tillerson discussed with their leaders	Politics
Chinese Media Cant Stop Making Fun Of Donald Trump	Politics
GAO launches probe of Trump transition	Politics
Dems push for Jared Kushner to lose security clearance after hiding Russia meeting, hint at felony	Politics
Trump no longer plans to eliminate the national debt	Politics
Howard Stern: Sean Spicer Speaks Fluent Moron	Politics
64% of Republicans want to see Trumps tax returns	Politics
Trump CIA Boss: WikiLeaks Is a Russian Tool	Politics
GOP governor absurdly claims voting hours should be cut so media can report results before bedtime	Politics
Republicans Love the Same Attack on Syria They Hated When Obama Considered It	Politics
Trumps Tweets About North Korea Are Making Bad Matters Worse	Politics
CNNs Jeffrey Lord called Trump the MLK of health care. He then had a very long day	Politics
Former Trump adviser Carter Page held strong pro-Kremlin views, says ex-boss	Politics
GOP rep: Bullcrap to say taxpayers pay my salary	Politics
I voted for Trump. After the Syria strikes, Im second-guessing my choice.	Politics
Behind closed doors, Trump signs bill allowing states to strip federal family planning dollars from abortion providers	Politics
Secret Service costs for Trump family protection continue to mount	Politics
Pelosi calls for immediate Congressional scrutiny after saber-rattling on North Korea	Politics
Audience Laughs as Kellyanne Conway Complains About Liars	Politics
Trumps Reversals Come After Crash Course on the Issues	Politics
Why an independent counsel is necessary in election probe	Politics
Warren demands explanation after MOAB strike	Politics
While the U.S. wasnt looking, Russia and Iran began carving out a bigger role in Afghanistan	Politics
Trumps pledge to allow political action from churches may come in tax bill	Politics
Trumps Policies Are Already Making Workplaces More Toxic	Politics
How the Bible Belt lost God and found Trump	Politics
A complete waste: What Trump said about war in Afghanistan before he dropped the $16m Mother of all Bombs	Politics
Muslim woman stabbed and beaten after attacker tries to tear off her hijab	Politics
Science is under threat from Trump era politics	Politics
Trumps EPA chief Scott Pruitt calls for an exit to the Paris climate agreement	Politics
Ex-Trump aide: Something may have come up with Russians about lifting US sanctions	Politics
GOP senator faces town hall anger over Supreme Court, healthcare	Politics
Trump-linked businesses loaned $13M to shell corporation Paul Manafort created on day he left campaign	Politics
Trump signs law that allows states to deny funding to Planned Parenthood	Politics
Report: White House Mulls Sending Thousands of U.S. Ground Troops Into Syria	Politics
Expert who called Trumps election win, now predicts impeachment	Politics
Carter Page Now Says Sanctions May Have Come Up During Russia Trip	Politics
Roger Stone gets his facts from the National Enquirer	Politics
Donald Trump Is Just George W. Bush But Racist	Politics
President Trump changes stance on 4 campaign positions in just 1 day	Politics
British spies were first to spot Trump teams links with Russia	Politics
Trump privately signs anti-Planned Parenthood law	Politics
Donald Trump admits Xi Jinping gave him a history lesson on North Korea	Politics
Howard Stern says press secretary Sean Spicer speaks fluent moron after Hitler comments	Politics
Nunes wont hold town hall? Opponents schedule one anyway	Politics
Climate change is accelerating; join us to help reverse that	Politics
No Environmental Impact Study? No Border Wall, Lawsuit Says	Politics
CIA Director Pompeo denounces Wikileaks, forgets he used them to attack Hillary Clinton	Politics
Trump Is Now Threatening to Sabotage Millions of Insurance Plans	Politics
Utah Brothers Put Up Billboards Demanding Jason Chaffetz Do His Job	Politics
OnPolitics Today: Trumps flipping on issues faster than we can keep up	Politics
Thousands expected for Tax Day march	Politics
Nancy Pelosi says Obamacare payments are not optional	Politics
The MOAB bomb costs $16 million each.	Politics
Feds can fund 7 miles of Trump border wall: report	Politics
Afghanistan bomb: Trump finds the keys to the family gun cabinet | World news	Politics
North Korea says it will ruthlessly ravage the United States if it comes under attack	Politics
The bombing of Afghanistan shows the US is led by a one-man wild card	Politics
CNN Commentator Shuts Down Analyst Who Called Trump the Martin Luther King of Health Care	Politics
Can Trump continue to engage in acts of war without congressional approval? And how far can he go?	Politics
Im Rep. Beth Fukumoto, former Republican, current Independent, prospective Democrat	Politics
Donald Trump-Russia investigation now has specific concrete and corroborative evidence of collusion	Politics
Republican congressman tells his constituents that because hes rich, he doesnt work for them	Politics
Former MI6 chief suggests Donald Trump may have secretly borrowed Russian money to keep his businesses afloat when others in the west wouldnt lend to him	Politics
Former Defense Secretary Criticizes President Trump For Saying My Military	Politics
Asked about privacy changes, GOP rep says internet usage is optional	Politics
Trump admin drops bomb as new Russia story breaks	Politics
After Tillerson Leaves, Putin Orders Sweeping Arrests of Opposition Figures	Politics
Trump 90 Days Ago: My People Will Have a Full Report on Hacking Within 90 Days!	Politics
Trump faces Chinese mockery following embarrassing reversals	Politics
Glenn Beck: Trump another Republican who said stuff and didnt mean it	Politics
Richard Posner: The Real Corruption Is the Ownership of Congress by the Rich	Politics
ICE targets mother with no criminal record for deportation	Politics
Survey says: Political polarization isnt the internets fault -- A study says hyper-partisanship is more common among older people who barely use the internet	Politics
Sanders wins big with free public college and Medicare for all	Politics
You work for us: Arizona Sen. Jeff Flake faces hostile town hall	Politics
British intel agency reported Trump campaign Russia ties: Report	Politics
Democrats In Illinois Just Unseated A Whole Bunch Of Republicans	Politics
Donald Trump has overtaken Barack Obama on executive orders	Politics
More TrumpRegrets every day: Now the hard-right nationalists are losing their religion	Politics
Trump arrives at Mar-a-Lago for three-day Easter weekend	Politics
Ex-acting CIA chief: Trump is making North Korea situation worse	Politics
Spending blind: Shocking education report shows taxpayers pay millions for subpar charter schools	Politics
Ex-Pentagon chief: Its not Trumps military	Politics
The Trump Doctrine: Eat cake, fire missiles, learn on the job	Politics
Carter Page: All of the lies are coming out into the open	Politics
Trump used the phrase my military  a former US defense secretary was not amused	Politics
Its time America explored how to end the multiple wars it has helped cause since 2001, rather than dropping more bombs	Politics
Trumps EPA chief Scott Pruitt calls for an exit to the Paris climate agreement	Politics
Trump made sure the media didnt see him sign a bill to cut Planned Parenthood funding .	Politics
Donald Trump Is Just George W. Bush But Racist	Politics
Donald Trump just quietly signed away more womens rights	Politics
James Comey Says Americans Should Be Wary of Troll Farms Peddling Fake News	Politics
Airlines Treat People Like Dirt Because the Republicans in Congress Let Them	Politics
China says North Korea tension has to be stopped before it reaches irreversible stage.	Politics
FBI director: Public should be aware agenda-driven fake news	Politics
Analysts identify #SyriaHoax as Russian-fueled propaganda	Politics
Dems push for Jared Kushner to lose security clearance after hiding Russia meeting, hint at felony	Politics
CIA Director: WikiLeaks a non-state hostile intelligence service	Politics
It looks like Donald Trump is trying to bomb his way to popularity.	Politics
British intelligence passed Trump associates communications with Russians on to US counterparts	Politics
Ivanka Trump: Majority of young US women view Donald Trumps daughter negatively, poll finds	Politics
Trumps Reversals Come After Crash Course on the Issues	Politics
Spicer refuses to say if Trump was in Situation Room for Afghanistan strike, flees amid questions.	Politics
Trumps Tweets About North Korea Are Making Bad Matters Worse	Politics
Warren demands explanation after MOAB strike	Politics
Chinese Media Cant Stop Making Fun Of Donald Trump	Politics
Republicans cant find a way to repeal Obamacare because too many of them secretly love it	Politics
House Democrats want Kushners security clearance suspended	Politics
I voted for Trump. After the Syria strikes, Im second-guessing my choice.	Politics
GOP Candidate Loses Partys Support After Telling Woman You Should F**k Me	Politics
CNNs Jeffrey Lord called Trump the MLK of health care. He then had a very long day	Politics
We are relying on China and Russia to tell us what Trump and Tillerson discussed with their leaders	Politics
As North Korea brews, Trump again in Mar-a-Lago	Politics
Bannons departure would rip the mask off the blue-collar Trump	Politics
Trump no longer plans to eliminate the national debt	Politics
While the U.S. wasnt looking, Russia and Iran began carving out a bigger role in Afghanistan	Politics
GAO launches probe of Trump transition	Politics
Trump approval at 39 percent as international tensions escalate: poll	Politics
Secret Service costs for Trump family protection continue to mount	Politics
Howard Stern: Sean Spicer Speaks Fluent Moron	Politics
Why an independent counsel is necessary in election probe	Politics
Trumps pledge to allow political action from churches may come in tax bill	Politics
Science is under threat from Trump era politics	Politics
64% of Republicans want to see Trumps tax returns	Politics
GOP senator faces town hall anger over Supreme Court, healthcare	Politics
Trump CIA Boss: WikiLeaks Is a Russian Tool	Politics
How much trouble is Paul Manafort in?	Politics
GOP governor absurdly claims voting hours should be cut so media can report results before bedtime	Politics
Republicans Love the Same Attack on Syria They Hated When Obama Considered It	Politics
Former Trump adviser Carter Page held strong pro-Kremlin views, says ex-boss	Politics
Trumps Policies Are Already Making Workplaces More Toxic	Politics
GOP rep: Bullcrap to say taxpayers pay my salary	Politics
Behind closed doors, Trump signs bill allowing states to strip federal family planning dollars from abortion providers	Politics
Pelosi calls for immediate Congressional scrutiny after saber-rattling on North Korea	Politics
Audience Laughs as Kellyanne Conway Complains About Liars	Politics
North Korea says it will ruthlessly ravage the United States if it comes under attack	Politics
Trump visits Mar-a-Lago resort for 23rd day as president	Politics
Nancy Pelosi says Obamacare payments are not optional	Politics
Muslim woman stabbed and beaten after attacker tries to tear off her hijab	Politics
How the Bible Belt lost God and found Trump	Politics
Trump signs law that allows states to deny funding to Planned Parenthood	Politics
Trump Effect: Dems Shatter Fundraising Records	Politics
President Trump changes stance on 4 campaign positions in just 1 day	Politics
House Freedom Caucus leader admits Republicans are getting annihilated at town halls	Politics
A complete waste: What Trump said about war in Afghanistan before he dropped the $16m Mother of all Bombs	Politics
Climate change is accelerating; join us to help reverse that	Politics
Ex-acting CIA chief: Trump is making North Korea situation worse	Politics
Ex-Trump aide: Something may have come up with Russians about lifting US sanctions	Politics
Trump-linked businesses loaned $13M to shell corporation Paul Manafort created on day he left campaign	Politics
Justice Department drops North Carolina LGBT rights lawsuit	Politics
Report: White House Mulls Sending Thousands of U.S. Ground Troops Into Syria	Politics
King: Trumps Twitter fingers could spark World War III	Politics
Dont Wait For Google, Netflix Or Facebooks Help If You Want To Save Net Neutrality	Politics
Howard Stern says press secretary Sean Spicer speaks fluent moron after Hitler comments	Politics
Expert who called Trumps election win, now predicts impeachment	Politics
OnPolitics Today: Trumps flipping on issues faster than we can keep up	Politics
Carter Page Now Says Sanctions May Have Come Up During Russia Trip	Politics
Roger Stone gets his facts from the National Enquirer	Politics
The bombing of Afghanistan shows the US is led by a one-man wild card	Politics
Im Rep. Beth Fukumoto, former Republican, current Independent, prospective Democrat	Politics
Saturday Morning Political Cartoon Thread	Politics
Donald Trumps shifting positions have everything to do with the last person he spoke with	Politics
Energy Star ratings are cheap, effective and popular. Why does Trump want to kill them?	Politics
Nearly $500K in campaign funds has gone to Trump-owned entities: report	Politics
Sanders calls for end to death penalty	Politics
Marriott CEO: Trumps travel ban is hurting hotels	Politics
If Jeff Sessions wants to crack down on medical marijuana, hell have to battle more than half the country	Politics
Jon Ossoffs Race Is the First Real Battle Between Millennials and Trump	Politics
Some misreading Trump confusion as evolution: Dan Rather	Politics
FBI documents detail how the Russians try to recruit spies	Politics
Trump visits golf course for 19th time as president	Politics
No, Wealth Isnt Created at the Top. It Is Devoured There	Politics
Stanford barred professor from using Trumps image for sexual assault conference	Politics
Hes changing his mind on almost everything: Trumps voters can be very forgiving  up to a point	Politics
Judge rules Dakota Access pipeline company can keep spill risks secret from the public	Politics
Trump To Speak At NRA Convention  First President In 34 Years To Do So	Politics
Republican politician after voting down privacy laws: If you dont like it, dont use the internet	Politics
Met Police face monster security operation as Donald Trump insists on golden carriage procession during visit	Politics
The Resistance Now: marchers across US to demand Trumps tax returns	Politics
Paul Ryan Raised $657,000 While Avoiding His Constituents During Recess	Politics
Democrats fear that Trump has barred key federal workers from speaking to them	Politics
Schwarzenegger matching donations in effort to fight gerrymandering	Politics
Watchdog: Reason To Believe Trump And Super PAC Violated Election Law	Politics
Trump wants gold-plated carriage ride with Queen during UK visit: report	Politics
Oklahoma congressman: Its bull crap that constituents pay my salary	Politics
Man accused of assaulting woman at election rally says Trump inspired him	Politics
Even Canadians are skipping trips to the U.S. after Trump travel ban	Politics
This week in Donald Trumps conflicts of interest: Trumps bad presidency is also bad for business	Politics
Report: Kushner found Trump advisor Navarro by browsing Amazon	Politics
DeVos Halts Obama-Era Plan to Revamp Student Loan Management	Politics
Glenn Beck: Trump Looking Like Another Republican Who Said Stuff, Didnt Mean It	Politics
Activists plan Tax March to Trumps Mar-A-Lago resort Saturday to demand he release tax returns	Politics
TMZ catches Paul Ryan vacationing at Universal theme park while avoiding town halls at home	Politics
Secret Service costs for President Donald Trumps family mounts	Politics
Trump claims hes immune from lawsuit over inciting violence at rallies	Politics
Roger Stone defends WikiLeaks, calls for CIA head to resign over attacks	Politics
Guardian Report Claims U.S. Has Concrete Evidence of Trump-Russia Collusion	Politics
Trump heads to Fla. golf course	Politics
Trump-era damage to the EPA appears increasingly brutal	Politics
Hillary hatred, exposed: What drives Americas never-ending case against Clinton	Politics
Donald Trump: Resistance to US President is beginning as Democrats unseat Republicans in Illinois	Politics
Georgias Democrats amaze themselves with power of anti-Trump momentum in special election	Politics
The ACLU Is Writing the First Amendment in Arabic on Billboards as a Rebuke to Trump	Politics
The GOP Almost Lost in Kansas Because Even Republicans Hate Their Partys Agenda	Politics
Secret Service has spent $35,000 on golf cart rentals since inauguration: report	Politics
Trump demands goldplated welcome	Politics
Trumps nominee to head the Export-Import Bank once voted to eliminate it	Politics
Trumps reelection campaign raised $13.2 million in first quarter	Politics
Keith Olbermann Calls Out Trump: You Are A Jackass	Politics
Trump claims he cant be sued for inciting rally violence	Politics
The Anti-Defamation League has offered to hold a Holocaust education class for Sean Spicer	Politics
ACLU: Trumps refusal to release White House visitor logs is unacceptable	Politics
The problem with thinking you know more than the experts	Politics
The Fight Over Trumps Tax Returns Isnt Over	Politics
Donald and Melania fly in separate his and hers taxpayer-funded planes	Politics
The White House Will Keep Its Visitor Logs Secret	Politics
Tax Day protests: Anti-Trump marches planned nationwide to demand tax returns	Politics
This 16-year-old girl expertly shut down a Republican on abortion	Politics
Marchers take to streets in cities across US to demand Donald Trump release tax returns	Politics
Trump Reportedly Insists On Traveling In Lavish Carriage During UK State Visit	Politics
Attorney: OReillys crisis is himself	Politics
Old Trump tweet resurfaces in response to WH decision not to release visitor logs	Politics
Protesters to take to streets to demand Trump release tax returns	Politics
4 Former EPA Chiefs Speak Out Against Trump Administration	Politics
Protesters demand Trumps tax returns	Politics
Bondi/Trump investigators: No interviews were conducted...	Politics
Queer chef declines being interviewed for Ivanka Trumps website by spitting straight truth	Politics
Megyn Kelly Reportedly Complained About Bill OReilly Before Leaving Fox	Politics
Nationwide Tax Day Marches Demand Donald Trump Releases His Tax Returns	Politics
Trump and Tillerson learning diplomacy on the job	Politics
Federal Judge Blocks Arkansas Executions	Politics
Major Scientific Publication Endorses March for Science	Politics
Nevada just became the first state since 1978 to ratify the Equal Rights Amendment. Could it finally pass?	Politics
Ex-Army colonel: Ive never been so concerned about US, world	Politics
Alt-Right Ringleader Mike Cernovich Threatens to Drop Motherlode If Steve Bannon Is Ousted	Politics
More than 100 people rally in Harrisburg to demand President Trump release his tax returns	Politics
Evidence Is Building That the Trump Campaign Colluded With Russia	Politics
The Tax March: Thousands to protest around the country; call on President Trump to release his taxes	Politics
Georgia Special Election Going Down to the Wire	Politics
Frustration with Trump down South: The changing politics of reliably Republican congressional district propels Jon Ossoff	Politics
Melania just added another $100,000 to Donald Trumps massive travel tab	Politics
Tens of thousands of protestors will march in streets to demand Trump release tax returns	Politics
Saturday Night Live hosting gig will test Jimmy Fallons toughness on Trump	Politics
His and Hers jets, paid for with your tax dollars: Melania adds another $100,000 to Trumps massive travel tab as she flies separately to Mar-a-Lago with Barron	Politics
Why did FBI suspect Trump campaign adviser was a foreign agent?	Politics
Trump adviser who wrote women already have equal rights will be working with Ivanka on womens issues	Politics
Trump Didnt Know How FISA Worked Before Making Obama Wiretap Claim	Politics
Former MI6 chief Richard Dearlove says Donald Trump borrowed money from Russia during 2008 financial crisis	Politics
Donald Trump has overtaken Barack Obama on executive orders	Politics
Complaint: Bannon, Mercer Dodged California Taxes	Politics
Mike Cernovich backtracks after he threatened to expose salacious stories about Trump administration	Politics
Trumps Goldman Sachs Vampire Squid Presidency.	Politics
Trump is now destroying a healthy health-care system	Politics
At Easter, Trump has yet to find a church home in DC	Politics
Democrats Are Preparing A Bill To Completely Wean The U.S. Off Fossil Fuels By 2050	Politics
Trump to discontinue Obama policy of voluntarily releasing White House visitor logs	Politics
How A National Parks Worker Sparked The Rogue Twitter Movement	Politics
Steve Bannon: is Trumps right-hand man falling from grace?	Politics
Joe Biden Calls on Trump Admin to Condemn LGBTQ Crisis in Chechnya	Politics
In the face of cuts for the needy, Trumps $3M trips are appalling	Politics
Democrats Just Unseated A Whole Bunch Of Republicans In Illinois	Politics
Leaks Between Trump Team And Russia Continue To Come Out	Politics
Trump goes after tax returns protests: The election is over!	Politics
Why is it your right to take away my right to choose?: Teenager slams top Republican senator during testy town hall	Politics
Trump: Why would I call China a currency manipulator when they are working with us on North Korea	Politics
Trump Calls for Investigation Into Tax Day Protesters, Tweets Election Is Over!	Politics
White supremacist who created stir at Stanislaus State seen punching woman at Berkeley protest	Politics
US airstrikes under Trump killing more civilians in Syria and Iraq than anytime before	Politics
Mitch McConnell violated the Constitution by single-handedly blocking SCOTUS nominee Merrick Garland and installing Neil Gorsuch.	Politics
Trump asks why people are still talking about his taxes a day after protesters asked for his returns	Politics
Congressman promotes a Charles Darwin Day to fight science skepticism	Politics
Court Upholds $300,000 Fine After Trump Refuses to Pay Miami Paint Store	Politics
Maxine Waters On Trump: I Will Fight Every Day Until He Is Impeached	Politics
How The Government Is Turning Protestors Into Felons	Politics
Donald Trump promised he was going to release his tax returns many times	Politics
Donald Trump is very upset Amanda Knox voted for Hillary Clinton, says his advisor	Politics
Donald Trump borrowed money from Russia in 2008, claims ex-MI6 boss	Politics
Trump: Tax Day protesters were paid	Politics
Ex-Trump Campaign Adviser Carter Pages Accounts Of Russia Ties Keep Shifting	Politics
Trump has spent nearly a third of his presidency in Florida	Politics
As Trump plays the global strongman, what happened to America first?	Politics
Paul Ryan spent his recess fundraising, and avoided holding a single town hall	Politics
The IRS was just sued for not releasing Trumps tax returns	Politics
#GrabYourWallets Anti-Trump Boycott Looks To Expand Its Reach	Politics
As world is warned of war at any moment, Trump monitors escalating North Korea situation at Mar-a-Lago without his chief of staff or some key advisors	Politics
Medicaid expansion: Its a widely popular issue Democrats and progressives can win on  right now	Politics
Grab him by the taxes: Nationwide Tax March called on President Trump to release his tax returns	Politics
Trumps millennial problem: The snowflakes are becoming a blizzard	Politics
Trumps fake news media attacks have an ominous precedent in Nazi-era lying press strategy	Politics
Sebastian Gorka likes to be called Dr. Gorka. He gets his way only in conservative media.	Politics
After a day of marches, Trump asks why people are still talking about his taxes	Politics
The White House may have violated its own ethics rules with Trumps executive branch hires	Politics
Leaks Between Trump Team And Russia Continue To Come Out	Politics
Sarah Silverman To Trump: Show Us Your F***king Taxes, You Emotional Child	Politics
Dan Rather: Dropping bombs isnt presidential	Politics
The Violent Clashes In Berkeley Werent Pro-Trump Versus Anti-Trump, They Were Anti-Fascists Versus White Nationalists	Politics
Trump Administration Is Removing Climate Change Research from Government Websites	Politics
Sanders: I dont want to see us dragged into war in Syria	Politics
Trump: Who paid for rallies seeking release of tax returns	Politics
Donald Trump visits his golf resort AGAIN despite mounting tension with North Korea.	Politics
Sarah Silverman to Trump: Show Us Your F**king Taxes, You Emotional Child	Politics
Chances are high that if youre abused in immigration detention, no one will care	Politics
Trump is Hiring Lobbyists and Top Ethics Official Says Theres No Transparency	Politics
Schwarzenegger promises to match donations in fight to terminate gerrymandering	Politics
Former senior official on Trumps first 100 days: This is a pig.	Politics
The case for impeaching President Donald J. Trump. (Too soon?)	Politics
Samuel L Jackson backs Democrats in new radio ad for Georgia special election	Politics
Jeff Sessions says hes surprised Americans arent embracing his anti-marijuana stance	Politics
Why scientists are fighting back. Weve had enough of Trumps war on facts	Politics
Waters: I Think Trump Is Going Down	Politics
Trump calls for someone to look into anti-Trump rallies	Politics
Trump says he cant be sued for violence at his rallies because he won the election	Politics
Paul Ryan spent his recess fundraising, and avoided holding a single town hall	Politics
Most Americans disapprove of Trumps job performance: Poll	Politics
Dan Rather to Trump: Dropping bombs does not make you presidential	Politics
GOP Rep turns his back on a grandmother who warns her family will die if Obamacare is repealed	Politics
Even Canadians are skipping trips to the U.S. after Trump travel ban	Politics
The US may find itself fighting on three fronts, thanks to Trump	Politics
Trump wonders  with no evidence  who paid for rallies seeking release of his tax returns	Politics
Kelly: Marijuana not a factor in drug war	Politics
The dirty tricks that demonise George Soros	Politics
Dan Rather to Trump: Dropping bombs does not make you presidential	Politics
Trump annoyed by Time cover with Bannon: report	Politics
Bold promises, fewer results: Trumps executive orders dont always live up to his claims	Politics
Breaking Down All Of The Trump Familys Travel Costs And Lavish Expenditures	Politics
Trump: Tax Day protesters were paid	Politics
Supreme Court Scheduled to Hear Important Freedom of Religion Dispute	Politics
Ex-ambassador: Trump trying to out-North Korean the North Koreans	Politics
Sanders: US cant act impulsively on N. Korea	Politics
Trump: Who paid for rallies seeking release of tax returns	Politics
Health inspectors grill Mar-a-Lago eateries : Unsafe seafood. Insufficiently refrigerated meats. Rusty shelving. Cooks without hairnets.	Politics
Steve Bannon may soon fall victim to Trumps phrase: Youre fired	Politics
EPA emerges as major target after Trump solicits policy advice from industry	Politics
Trumps Easter message: Sit down and obey	Politics
Trump Mar-a-Lago travel triggers cost and ethics concerns	Politics
Donald Trump claims protests demanding he publish tax returns were paid for	Politics
The Pentagon money pit: $6.5 trillion in unaccountable army spending and no DOD audit	Politics
Look whos in favor of Medicare for all: Trump voters and Sanders supporters	Politics
All-male panel ruled on rape bill during Marylands legislative session	Politics
While world discusses North Korea missile launch, Trump complains about tax marches	Politics
8 News NOW photojournalist arrested at Trump tax rally	Politics
Sanders: We need to take a hard look at the airlines in this country	Politics
Mike Conaway Emerges From Relative Obscurity to Lead House Russia Inquiry	Politics
Trump is playing a dangerous game of chicken with Democrats that could cause healthcare costs to skyrocket	Politics
Trump takes route to Mar-a-Lago that misses Tax March protesters	Politics
Trumps base turns on him	Politics
Alt-right leader Mike Cernovich punched in the face at Tax March rally	Politics
As Tax Day Approaches, Protesters Demand to See Trumps Returns	Politics
Protesters in Texas seek release of Trump tax returns	Politics
Thousands march across the country calling for Trump to release his tax returns	Politics
Swing state resistance: Sen. Sherrod Brown blows past fundraising records in Ohio	Politics
Trumps Pick For Army Secretary Has A Troubling History Of Anti-Muslim Remarks	Politics
Why are Democrats writing off winnable elections?	Politics
How Trump borrows from Putins dirty tricks playbook	Politics
Elizabeth Warren Says Mitch McConnell Wont Even Say Hello To Her	Politics
Worldview: Foreign policy suffers because Trump spreads fake facts	Politics
Georgia Democrats See Chance To Send A Message With Special Election Upset	Politics
Trump asks why people are still talking about his taxes a day after protesters asked for his returns	Politics
DeVos Pick to Head Civil Rights Office Once Said She Faced Discrimination for Being White	Politics
Racism motivated Trump voters more than authoritarianism or income inequality	Politics
Majority in US No Longer Thinks Trump Keeps His Promises	Politics
Why cant Team Trump remember meetings with Russians?	Politics
Trump Voters in a Swing District Wonder When the Winning Will Start	Politics
Democrats welcome Bernie takeover	Politics
EPA Employee Denounces Pruitt, Trump in Fiery Resignation Letter	Politics
Viral fundraising catapults Democrat Kathryn Allen over Rep. Jason Chaffetz	Politics
Nashville attorney, Iraq War vet announces Democratic run for Corkers Senate seat	Politics
100 Days of Horror	Politics
Records show ex-Trump campaign chief Paul Manaforts firm received payout from Ukraine ledger under investgation	Politics
Like a slow death: families fear pesticide poisoning after Trump reverses ban	Politics
Donald Trump borrowed money from Russia in 2008, claims ex-MI6 boss	Politics
The number of Americans who think Trump keeps his promises is plummeting	Politics
The 2020 Trump campaign is spending big at trumps businesses	Politics
Thousands turn out at rallies demanding Trump release tax returns	Politics
Giving lobbyists expansive power, Trump tries filling the swamp	Politics
A Jewish Coup? Thats How Alt-Right Explains Away Trump Flip-Flops And Bombings	Politics
Poll: Majority no longer thinks Trump keeps his promises	Politics
Jeff Sessions says hes surprised Americans arent embracing his anti-marijuana stance	Politics
Pro-Trump white supremacist sucker-punched a woman during the Berkeley clashes	Politics
Reagan Manipulated Television. Trump Is Controlled by It.	Politics
Racism motivated Trump voters more than authoritarianism or income inequality	Politics
FBI documents detail how the Russians try to recruit spies	Politics
Alex Jones Is Just Playing a Character, According to His Lawyer	Politics
The war on drugs is racist. Donald Trump is embracing it with open arms | Steven W Thrasher	Politics
Leaks Between Trump Team And Russia Continue To Come Out	Politics
Trump asks why people are still talking about his taxes a day after protesters asked for his returns	Politics
Two Republican lawmakers face anger, from their own voters, on health care	Politics
John Oliver Wants America To Stop Praising Trumps Unpredictability	Politics
ICE immigration arrests of noncriminals double under Trump	Politics
Sen. Elizabeth Warren: The fighter	Politics
Trumps likely drug-control director is an anti-marijuana hard-liner	Politics
Donald Trumps big problem is he doesnt know what hes talking about	Politics
Former MI6 chief Richard Dearlove says Donald Trump borrowed money from Russia during 2008 financial crisis	Politics
Its not just the golf: Trumps Mar-a-Lago ethics mess gets worse	Politics
Trumps Slams Fake Media, Praises Fox, Mocks Democrats in Easter Monday Tweetstorm	Politics
California Democrats focus on normally safe GOP House seats	Politics
Its White Americas Job To Fight White Supremacism	Politics
Betsy DeVos moves to neutralize Office for Civil Rights by appointing Candice Jackson to lead it.	Politics
MIT expert claims latest chemical weapons attack in Syria was staged	Politics
Trump says someone should look into who paid for tax return rallies	Politics
New Mexico Outlaws Lunch Shaming of Students Who Cant Afford Meals	Politics
Maxine Waters On Trump: I Will Fight Every Day Until He Is Impeached	Politics
That GOP Middle Class Tax Cut Might Be A Big Fat Trojan Horse For The Rich	Politics
Trump goes after tax returns protests: The election is over!	Politics
Leaks Between Trump Team And Russia Continue To Come Out	Politics
Congressman promotes a Charles Darwin Day to fight science skepticism	Politics
Trump Calls for Investigation Into Tax Day Protesters, Tweets Election Is Over!	Politics
Special US Election: Meet the man who could deliver the first real blow against Donald Trumps presidency	Politics
In the face of cuts for the needy, Trumps $3M trips are appalling	Politics
Trump Supporter Accused of Assaulting Woman at Campaign Rally Blames President	Politics
Steve Bannon Was Doomed	Politics
Paul Ryan spent his recess fundraising, and avoided holding a single town hall	Politics
Donald Trump is very upset Amanda Knox voted for Hillary Clinton, says his advisor	Politics
Trump Cant Believe People Still Want Him To Release His Tax Returns	Politics
Dan Rather: Trumps missile barrage in Syria a convenient distraction from Russia	Politics
Despite rhetoric, Trump plan focuses more on staff cuts than good government	Politics
Tens of thousands march to demand Trumps tax returns	Politics
George W Bush cannot hide his crimes behind paintings	Politics
Trump: Why would I call China a currency manipulator when they are working with us on North Korea	Politics
How The Government Is Turning Protestors Into Felons	Politics
Hillary Clintons Campaign Turns Over Email List To DNC	Politics
Why is it your right to take away my right to choose?: Teenager slams top Republican senator during testy town hall	Politics
Democrats weapons in Georgias election: $8 million, Samuel L. Jackson, and Trump	Politics
Democrats link party rivals to DeVos as 2018 fights emerge	Politics
Sarah Silverman To Trump: Show Us Your F***king Taxes, You Emotional Child	Politics
White House Tries To Rebrand Trumps Deportation Force	Politics
Trump Is a Global Instability Factor, Fillons Top Aide Says	Politics
Trump plugs Reasons to Vote for Democrats book filled with blank pages	Politics
After Their Break, Congress Will Have 4 Days to Avoid a Government Shutdown	Politics
US and South Korea agree early deployment of THAAD missile defence system | The Independent	Politics
US airstrikes under Trump killing more civilians in Syria and Iraq than anytime before	Politics
Trump Adding Former Lobbyists To Swamp, Giving Them Ethics Waivers	Politics
Why Trumps Poor Start Matters	Politics
Badass Little Girl Confronts Climate-Denying Congressman With Brilliant Question	Politics
Kim Jong-un may be more of a wildcard than Trump, but hes not as ignorant	Politics
Children take to Capitol Hill to protest deportation of parents	Politics
The Latest: Pence says era of strategic patience is over	Politics
Georgia just made it a lot harder to make money on people ensnared in the criminal justice system	Politics
Ex-Trump Campaign Adviser Carter Pages Accounts Of Russia Ties Keep Shifting	Politics
Maxine Waters, Donald Trump and impeachment: One Democrat is ready  her party and the American people may follow	Politics
The White House may have violated its own ethics rules with Trumps executive branch hires	Politics
Trump wants to ride the horsies when he visits London	Politics
Courts Are Using AI to Sentence Criminals. That Must Stop Now	Politics
Sean Spicer: pure Trump	Politics
Trump: Tax Day protesters were paid	Politics
Trumps millennial problem: The snowflakes are becoming a blizzard	Politics
On weed, homeland security chief and attorney general could hardly be further apart	Politics
Tax Filings Seen Dipping Amid Trump Crackdown On Illegal Immigration	Politics
Border Wall Could Leave Some Americans on Mexican Side	Politics
Mike Conaway Emerges From Relative Obscurity to Lead House Russia Inquiry	Politics
Donald Trump raises $13.2m for 2020 re-election bid	Politics
Dan Rather: Dropping bombs isnt presidential	Politics
Gorsuch era on U.S. high court begins with his first three cases	Politics
In Putins Moscow, a Pliant Press That Trump So Craves	Politics
Can the consumer watchdog Trump loathes win an Ohio election?	Politics
President Trump, how is letting internet providers sell consumers browsing data in the public interest?	Politics
As world is warned of war at any moment, Trump monitors escalating North Korea situation at Mar-a-Lago without his chief of staff or some key advisors	Politics
Border Wall Could Leave Some Americans on Mexican Side	Politics
Alexander Dugin and Steve Bannons Ideological Ties to Vladimir Putins Russia	Politics
The What happened in your state last week? Megathread, Week 16	Politics
Trump Is Making the GOP Heinously Unpopular Again	Politics
Spicer: Trump wont release taxes because of audit	Politics
Trump has spent one out of every five minutes of his presidency in Palm Beach	Politics
Sean Spicer: Lobbyists Deserve Privacy When Visiting the White House	Politics
Cotton booed for defending Trump on tax returns	Politics
Trump called Alex Jones amazing. Joness own lawyer calls him a performance artist.	Politics
CNN treats politics like sports  and its making us all dumber	Politics
The Russia story just keeps getting worse for President Trump	Politics
Sandy Hook Dad on Performance Artist Alex Joness Trial: I Wish I Could Be There to Stare Him Down	Politics
Susan Rice Did Nothing Wrong, Say Both Dems and Republicans	Politics
Trump called Turkeys Erdogan to congratulate him on referendum win: Turkish sources	Politics
Paul Manafort is reportedly helping a Chinese billionaire navigate how to profit off of Trumps infrastructure plan	Politics
The leader of Calexit just announced hes abandoning the movement and settling permanently in Russia	Politics
Trump Has Already Spent $500,000 In Re-election Funds On His Own Businesses	Politics
Paul Ryan Has a Lower Approval Rating Than Donald Trump	Politics
Sixth graders to Ben Carson: You arent doing anything to save public housing	Politics
Majority in US No Longer Thinks Trump Keeps His Promises	Politics
Alex Jones performance artist claim leaves Trump in awkward spot	Politics
Gerrymandering Is Illegal, but Only Mathematicians Can Prove It	Politics
Jeff Sessions Is Quietly Preparing To Double Down On Mass Incarceration	Politics
White House Snapchat story misspells Secretary of Educatuon	Politics
No recent president has been as unpopular as Trump this early	Politics
Racism motivated Trump voters more than authoritarianism or income inequality	Politics
Its not just the golf: Trumps Mar-a-Lago ethics mess gets worse	Politics
Trump hasnt even named candidates for hundreds of key positions	Politics
Trump claims immunity as President in lawsuit	Politics
Why cant Team Trump remember meetings with Russians?	Politics
White House says Trump wont release 2016 taxes because theyre already being audited	Politics
Is There an Actual Tape of Trumps Russia Collusion?	Politics
Two plaintiffs join suit against Trump, alleging breach of emoluments clause	Politics
All-Male Panel Fails to End Maryland Law that Forces Women to Share Custody with Their Rapists	Politics
Trump Voters in a Swing District Wonder When the Winning Will Start	Politics
Like a slow death: families fear pesticide poisoning after Trump reverses ban	Politics
Trump is already using his 2020 reelection bid to line his own pockets	Politics
Voting machines stolen pre-Georgia special election: report	Politics
John Oliver Wants America To Stop Praising Trumps Unpredictability	Politics
The 26 times Donald Trump tweeted about Barack Obama playing golf too much	Politics
Trump Has Spent $25m In Taxpayer Dollars Golfing At Mar-A-Lago. Here Are 18 Trump Tweets Criticizing Obama For Golfing	Politics
Oregon Man Dies Peacefully After Being Told President Trump Had Been Impeached	Politics
Democrats welcome Bernie takeover	Politics
The number of Americans who think Trump keeps his promises is plummeting	Politics
Trump casually smears 30 percent of Americans while live-tweeting Fox & Friends	Politics
Pence admits Syria and Afghanistan were used as props to warn North Korea	Politics
He has not spoken to me: Elizabeth Warren says Mitch McConnell is still angry about reading the Coretta Scott King letter	Politics
Judge orders Kris Kobach to produce documents he shared with Donald Trump	Politics
Trump getting hot and bothered by protesters	Politics
Sen. Feinstein booed at town hall for not supporting single-payer	Politics
This brutal new poll shows that fewer and fewer people believe Trumps lies	Politics
Bernie Sanders coming to Montana to campaign for Rob Quist	Politics
Giving lobbyists expansive power, Trump tries filling the swamp	Politics
Trump Voters Economic Anxiety Has Magically Disappeared	Politics
Alex Jones Defense in Upcoming Custody Battle Is That Hes a Fake	Politics
Donald Trump agrees to sign childs hat at Easter Egg Roll, before tossing it into crowd to screams of no!	Politics
Trumps Slams Fake Media, Praises Fox, Mocks Democrats in Easter Monday Tweetstorm	Politics
Trumps no populist. Hes a swamp monster.	Politics
White nationalist claims Trump directed rally violence	Politics
Mike Huckabee: Id rather have Obama as President than have Comcast service	Politics
Paul Ryan Could Lose Another Trumpcare Vote Tuesday In Georgia	Politics
Sen. Cotton defended Trumps decision to not release his tax returns. It wasnt received well.	Politics
Congress is poking holes in a key White House talking point about surveillance and the Trump-Russia probe	Politics
100 Days of Horror	Politics
Most Americans dont trust President Trump: poll	Politics
Georgia Dem fires back at misinformed Trump	Politics
Trump claims immunity as President in lawsuit	Politics
Trump White House Says It Wont Be Transparent At All Because Obama Wasnt Transparent Enough	Politics
Donald Trumps big problem is he doesnt know what hes talking about	Politics
Why some national-security experts say Kremlin-gate will lead to Donald Trumps impeachment	Politics
Sexual assault survivors are planning to protest Bill OReilly at Fox News HQ	Politics
Poll: Republican approval sinks because of President Trump	Politics
Poll: Majority no longer thinks Trump keeps his promises	Politics
White House defends keeping visitor logs secret	Politics
Wife nudges husband to remind him to put his hand on his heart during National Anthem	Politics
President Trump, how is letting internet providers sell consumers browsing data in the public interest?	Politics
The GOPs problem on health reform is theyve spent years hiding their real position	Politics
White Nationalist Files Suit Claiming Trump Incited Him To Remove Protesters	Politics
ISPs Gave 8X More Cash to Politicians That Axed FCC Privacy Rule	Politics
The Georgia special election shows why Trump may sink the GOP	Politics
The 2020 Trump campaign is spending big at trumps businesses	Politics
Congressman Who Lost Seat Over Anti-Gay Remarks Tapped By Trump For Big Agency Job	Politics
Records show ex-Trump campaign chief Paul Manaforts firm received payout from Ukraine ledger under investgation	Politics
Why Trump cannot brush off demands for his tax returns	Politics
King: Conservatives dont hate a golfing President, but they hated an uppity negro golfing President	Politics
Surprise! Trump Continues to Raise Enormous Campaign Funds and Spend Them At His Companies.	Politics
Racism motivated Trump voters more than authoritarianism or income inequality	Politics
Hes playing a character: Alex Jones lawyer says Infowars host is a performance artist and not really a nutjob	Politics
Reported Killings of Gay People in Chechnya Cannot Be Ignored	Politics
Trump reportedly called the Turkish president to applaud a power grab	Politics
The GOP effort to crush Elizabeth Warren ahead of 2020 has begun: Conservative PAC looks to derail potential presidential bid	Politics
Scarborough: Leaving Paris climate deal stupid and counterintuitive	Politics
Nobodys Got to Use the Internet, Says Rep. on Privacy Vote	Politics
Betsy DeVos moves to neutralize Office for Civil Rights by appointing Candice Jackson to lead it.	Politics
Federal judge orders Kobach to share documents from his meeting with Trump	Politics
Why some national-security experts say Kremlin-gate will lead to Donald Trumps impeachment.	Politics
How School Choice Turns Education Into a Commodity	Politics
Spicer: Obamas release of White House visitor logs was faux transparency	Politics
White nationalist argues Trump should be liable for inciting violence at campaign rally	Politics
Equipment stolen days before special election; Sec. of State: Unacceptable	Politics
Virginia GOP Candidate: No Incest Exception For Abortion, Because Sometimes Incest Is Voluntary	Politics
Trump claims Ossoff wants illegal immigration. Mostly False.	Politics
The What happened in your state last week? Megathread, Week 16	Politics
GA-06 Special Election Discussion Thread	Politics
Trumps old tweets are quickly becoming a minefield of hypocrisy	Politics
China approved three Ivanka trademarks on same day she met with Chinese president: report	Politics
Blackwater Founder Erik Prince Said to Have Advised Trump Team	Politics
Dem on Trump transparency: If you want privacy, dont go into politics	Politics
Majority Say Wealthy Americans, Corporations Taxed Too Little	Politics
Poll: 61 percent of Texans oppose border wall to stop illegal immigration	Politics
Donald Trumps Chinese Trademarks Now Part of Emoluments Lawsuit	Politics
All in the family: Ivanka Trump won 3 trademarks in China after dining with Chinese President Xi Jinping	Politics
Man caught on video stealing Jon Ossoff campaign signs, local police do nothing.	Politics
Guess Who Came to Dinner With Flynn and Putin	Politics
Emoluments lawsuit could force Trump to cough up his tax returns	Politics
Congress Is A Retirement Home For Old White Men & That Has To Change	Politics
Trump weirdly says Korea was part of China, which is totally wrong and could enrage South Korea	Politics
Trumps supporters have been duped: Working-class Americans, betrayed	Politics
Alabama may lose 1 electoral college vote due to slow growth	Politics
GOP congressman says not my role to denounce hate speech, tells gay couples dont call it marriage.	Politics
The future of the school-to-prison pipeline under Betsy DeVos is bleak	Politics
Science strikes back: anti-Trump march draws thousands to Washington	Politics
Ted Cruz wants to blame Democrats for a government shutdown in 2017	Politics
Trump confuses North Korean leaders on Fox and Friends	Politics
Dems Demand Kushners Clearances Be Revoked	Politics
Donald Trump criticised for congratulating Recep Tayyip Erdogan on winning Turkish referendum	Politics
Aircraft Carrier Wasnt Sailing to Deter North Korea, as U.S. Suggested	Politics
Former CIA director: The Russians feign sincerity better than anyone  I lost faith in their willingness to do the right thing	Politics
Trumps taxes must be released before tax reform: Painter and Eisen	Politics
Heres proof that Trump is ignorant and deluded about crime	Politics
Gerrymandering means Democrats are playing a rigged game  in Georgia and everywhere else	Politics
Report: Paul Manafort Now Advising Chinese Billionaire On Trump Infrastructure Contracts	Politics
Theres something not right here: British spies warned the US about extensive contact between Trump team and Russia	Politics
Trump skewered Hillary Clinton over Benghazi. But he still hasnt appointed an official to oversee diplomatic security.	Politics
Were taxing the poor to pay for the longer lives of the rich	Politics
Why is Trump celebrating Turkeys democratic crisis?	Politics
Five times Rudy Giuliani was caught up with a controversial foreign client	Politics
Report: Fox News Leaning Towards Dumping Bill OReilly	Politics
Elizabeth Warren wants to make your taxes simpler, but tax preparers wont let her	Politics
GOP senator: Trump should spend less time at Mar-a-Lago	Politics
Mexicos Revenge By antagonizing the U.S.s neighbor to the south, Donald Trump has made the classic bullys error: He has underestimated his victim.	Politics
Maryland Victims No Longer Need To Prove They Physically Fought Their Rapist	Politics
Border Wall Could Cost 3 Times Estimates, Senate Democrats Report Says	Politics
Democrat Jon Ossoff has real shot at rebuking Trump in Georgia election upset for congressional seat	Politics
Donald Trump Really Doesnt Want Jon Ossoff In Congress	Politics
For the first time on record, human-caused climate change has rerouted an entire river	Politics
Donald Trump is heading for a do-nothing presidency	Politics
White House Considers Dumping Petition Site	Politics
As Trump Drifts Away From Populism, His Supporters Grow Watchful	Politics
Find out if you live in the 6th district and should vote today	Politics
Trump plans to reward tax cheats	Politics
Trump claims immunity as President in lawsuit	Politics
Poll: Majority says wealth, corporations dont pay enough taxes.	Politics
Smoke pot in Oregon? Your name now protected from feds	Politics
President Trump still hasnt made one consequential deal. Not one.	Politics
Cotton booed for defending Trump on tax returns	Politics
Lawsuit against Trump over foreign payments expands	Politics
Trump companies dont always follow his buy American, hire American pledge	Politics
Nonprofit Working To Block Drug Imports Has Ties To Pharma Lobby	Politics
[Opinion] Gov. Brown gets what President Trump doesnt: Denialism wont stop climate change	Politics
Trumps acting like a lame duck president	Politics
Holocaust survivors son pleads with Sen. Feinstein: We cannot work with these fascists in the White House	Politics
At Kushners Manhattan Tower, Debt Payments and Losses Increase	Politics
Trumps approval falls as gender gap widens	Politics
Steve Ballmer launches USAFacts to track government spending	Politics
Trump Is Making the GOP Heinously Unpopular Again	Politics
Voting machines stolen pre-Georgia special election: report	Politics
Bernie Said Universal Healthcare Plan Angers Big Pharma  Crowd Replied, F*ck Em!	Politics
Poll: Majority of Americans disapprove of President Trump, a near historic low	Politics
Trump to Erdogan: Congrats on dismantling democracy!	Politics
How Trumps Inaction on Climate Change Could Lead to Impeachment	Politics
Nuclear war has become thinkable again  we need a reminder of what it means	Politics
Trump still hasnt released tax returns as of Tax Day	Politics
US intercepts 2 Russian bombers off Alaskas coast	Politics
Sanders vows to radically transform the Democratic Party	Politics
Report: Murdochs leaning toward pulling OReilly off air	Politics
Liberals were right: Racism played a larger role in Trumps win than income and authoritarianism	Politics
Elizabeth Warren: Americans Should Keep Demanding To See Trumps Taxes	Politics
Ivanka Trumps company won valuable China trademarks the day she dined with Chinese President Xi Jinping	Politics
Georgia Special Election A Chance For Democrats To Make A Statement	Politics
Emoluments Challenge To Donald Trumps Ethics Conflicts Gets A Big Boost	Politics
Melania Trump hosted a private Easter Egg Roll exclusively for the rich and powerful	Politics
Calexit campaign dropped as leader bolts for Russia	Politics
Marijuana possession is grounds for deportation, DHS chief says	Politics
Theres no sign Donald Trump can win a campaign for anyone not named Donald Trump	Politics
Blackwater founder Erik Prince has been giving Donald Trump counter-terrorism advice	Politics
Nearly $500,000 of Donald Trumps 2020 campaign funds have gone to Trump restaurants, hotels and golf clubs	Politics
Scientists to take to the streets in global march for truth	Politics
Two plaintiffs join suit against Trump, alleging breach of emoluments clause	Politics
Cotton booed for defending Trump on tax returns	Politics
L.A. responds to Trump travel ban with Everyone is welcome campaign	Politics
The American mercenary behind Blackwater is helping China establish the new Silk Road	Politics
Trump Lost More Of The Asian-American Vote Than The National Exit Polls Showed	Politics
Georgia race could bring Dems first anti-Trump win & hes not taking it well	Politics
Ivanka Trumps Brand Was Cleared for Chinese Trademarks the Same Day She Dined With Chinese President	Politics
Trumps Tax Giveaway To Wall Street Is Shameful	Politics
Trumps history of using foreign workers on his properties	Politics
The leader of Calexit just announced hes abandoning the movement and settling permanently in Russia	Politics
Sean Spicer: Lobbyists Deserve Privacy When Visiting the White House	Politics
Alec Baldwin Gets Under Trumps Skin	Politics
President* Trump Just Placed America in Interesting Company	Politics
Sen. Feinstein booed at town hall for not supporting single-payer	Politics
GA-06 Special Election Discussion Thread	Politics
FBI used dossier allegations to bolster Trump-Russia investigation	Politics
Poll: 61 percent of Texans oppose border wall to stop illegal immigration	Politics
Trump weirdly says Korea was part of China, which is totally wrong and could enrage South Korea	Politics
President Trump still hasnt made one consequential deal. Not one.	Politics
Donald Trumps Chinese Trademarks Now Part of Emoluments Lawsuit	Politics
Emoluments lawsuit could force Trump to cough up his tax returns	Politics
First protected DREAMer is deported under Trump	Politics
FBI used Trump dossier to help get warrant to monitor ex-aide: report	Politics
GOP senator: Trump should spend less time at Mar-a-Lago	Politics
Trumps old tweets are quickly becoming a minefield of hypocrisy	Politics
A month after dismissing federal prosecutors, Justice Department does not have any U.S. attorneys in place	Politics
The Continuing Fallout from Trump and Nuness Fake Scandal	Politics
Majority Say Wealthy Americans, Corporations Taxed Too Little	Politics
Dem on Trump transparency: If you want privacy, dont go into politics	Politics
China approved three Ivanka trademarks on same day she met with Chinese president: report	Politics
Blackwater Founder Erik Prince Said to Have Advised Trump Team	Politics
Congress Is A Retirement Home For Old White Men & That Has To Change	Politics
All in the family: Ivanka Trump won 3 trademarks in China after dining with Chinese President Xi Jinping	Politics
White House Refuses to Promise Insurers That It Wont Sabotage Obamacare	Politics
Miami state senator curses at black lawmaker  and refers to fellow Republicans as niggas	Politics
Aircraft Carrier Wasnt Sailing to Deter North Korea, as U.S. Suggested	Politics
Guess Who Came to Dinner With Flynn and Putin	Politics
Alabama may lose 1 electoral college vote due to slow growth	Politics
Border Wall Could Cost 3 Times Estimates, Senate Democrats Report Says	Politics
Clinton: That was my last race	Politics
California Assembly Committee Passes Bill to Ban Resources for Federal Marijuana Enforcement	Politics
Donald Trump criticised for congratulating Recep Tayyip Erdogan on winning Turkish referendum	Politics
Bill OReilly likely out at Fox News	Politics
Republicans grow concerned about Mar-a-Lago: Trump should spend more time in Washington	Politics
Under Trump, Trade Deficits Are Up, Interest Rates Have Doubled, and Car Sales are Plummeting	Politics
Report: Murdochs leaning toward pulling OReilly off air	Politics
GOP congressman says not my role to denounce hate speech, tells gay couples dont call it marriage.	Politics
Trump confuses North Korean leaders on Fox and Friends	Politics
Report: Paul Manafort Now Advising Chinese Billionaire On Trump Infrastructure Contracts	Politics
Dems Demand Kushners Clearances Be Revoked	Politics
Docs want single-payer and so should you	Politics
Gerrymandering means Democrats are playing a rigged game  in Georgia and everywhere else	Politics
Ted Cruz wants to blame Democrats for a government shutdown in 2017	Politics
The future of the school-to-prison pipeline under Betsy DeVos is bleak	Politics
Who Among Us Has Not Misplaced an Aircraft Carrier?	Politics
Betsy DeVos Is Wasting No Time Screwing Over Students Who Borrow Money for College	Politics
Trumps supporters have been duped: Working-class Americans, betrayed	Politics
Science strikes back: anti-Trump march draws thousands to Washington	Politics
Trump skewered Hillary Clinton over Benghazi. But he still hasnt appointed an official to oversee diplomatic security.	Politics
How Did the Trump Administration Lose an Aircraft Carrier?	Politics
Elizabeth Warren wants to make your taxes simpler, but tax preparers wont let her	Politics
Former CIA director: The Russians feign sincerity better than anyone  I lost faith in their willingness to do the right thing	Politics
GOP Senator: I Do Wish Trump Would Host State Visits In DC, Not Mar-A-Lago	Politics
Heres proof that Trump is ignorant and deluded about crime	Politics
Democrat Jon Ossoff has real shot at rebuking Trump in Georgia election upset for congressional seat	Politics
Why is Trump celebrating Turkeys democratic crisis?	Politics
Official: White House, Pentagon miscommunicated on aircraft carriers location	Politics
Maryland Victims No Longer Need To Prove They Physically Fought Their Rapist	Politics
Trump Has Deep Links to Organized Crime: Federal Investigators Know It and the Public Is Catching Up	Politics
Poll: Bernie Sanders countrys most popular active politician	Politics
Trump plans to reward tax cheats	Politics
Trumps taxes must be released before tax reform: Painter and Eisen	Politics
Steve King toasts Dreamer deportation with beer tweet	Politics
Holocaust survivors son pleads with Sen. Feinstein: We cannot work with these fascists in the White House	Politics
Five times Rudy Giuliani was caught up with a controversial foreign client	Politics
Fake news is being cited by pupils as fact in their studies, warn teachers	Politics
Trump to Erdogan: Congrats on dismantling democracy!	Politics
Theres a plan in Congress to start charging troops for their GI Bill benefits	Politics
Report: First protected Dreamer deported under Trump	Politics
Trump touted armada he was sending to North Korea while it was sailing in opposite direction	Politics
Poll: More than 6 in 10 Texans oppose border wall	Politics
Trump loses track of US fleet at sea	Politics
D.C. public schools were not invited to mostly white White House Easter Egg Roll.	Politics
For the first time on record, human-caused climate change has rerouted an entire river	Politics
Miami state senator curses at black lawmaker  and refers to fellow Republicans as niggas	Politics
Were taxing the poor to pay for the longer lives of the rich	Politics
Donald Trump is heading for a do-nothing presidency	Politics
Homeland Sec. Kelly: Marijuana is a Dangerous Gateway Drug	Politics
Alec Baldwin Gets Under Trumps Skin	Politics
Theres something not right here: British spies warned the US about extensive contact between Trump team and Russia	Politics
White House Considers Dumping Petition Site	Politics
Donald Trump Really Doesnt Want Jon Ossoff In Congress	Politics
Find out if you live in the 6th district and should vote today	Politics
That Armada Heading To North Korea? Actually, It Sailed South	Politics
Nuclear war has become thinkable again  we need a reminder of what it means	Politics
Mexicos Revenge By antagonizing the U.S.s neighbor to the south, Donald Trump has made the classic bullys error: He has underestimated his victim.	Politics
Homeland Security Secretary Says Trump Critics Need to Shut Up	Politics
This brutal new poll shows that fewer and fewer people believe Trumps lies	Politics
Source: Fox News and Bill OReilly are talking exit	Politics
Donald Trump Has a Conflict of Interest in Turkey. Just Ask Donald Trump.	Politics
Trump companies dont always follow his buy American, hire American pledge	Politics
Elizabeth Warren: Americans Should Keep Demanding To See Trumps Taxes	Politics
Trump still hasnt released tax returns as of Tax Day	Politics
The growing appeal of Medicare for all	Politics
Bernie Said Universal Healthcare Plan Angers Big Pharma  Crowd Replied, F*ck Em!	Politics
On Russia, Trump and his top national security aides seem to be at odds	Politics
 Trump to Erdogan: Congrats On Your Dictatorship!	Politics
The Options for Impeaching Trump	Politics
Poll: Majority says wealth, corporations dont pay enough taxes.	Politics
Democrat leads early returns in Georgia congressional race	Politics
Trumps acting like a lame duck president	Politics
Smoke pot in Oregon? Your name now protected from feds	Politics
Trump blames Obama without proof for formation of MS-13 crime gang	Politics
Lawsuit against Trump over foreign payments expands	Politics
GA-06 Special Election Discussion Thread	Politics
After using n-word in front of black colleagues, Fla. state senator faces calls to resign	Politics
Devin Nunes worked with Trump administration to create a fake scandal about Susan Rice: report	Politics
US President Donald Trump under fire for being the golfer-in-chief	Politics
GOP senator calls on Trump to release his tax returns	Politics
A month after sacking all Obama federal prosecutors, Trump has hired zero replacements	Politics
DNC Chair Slams Trumps Buy American Order: Start With Your Own Damn Businesses	Politics
FBI used dossier allegations to bolster Trump-Russia investigation	Politics
A month after dismissing federal prosecutors, Justice Department does not have any U.S. attorneys in place	Politics
Trump Has Deep Links to Organized Crime: Federal Investigators Know It and the Public Is Catching Up	Politics
Georgia Has a Message for Republicans: Be Worried	Politics
Rigged against Ossoff: Georgia lawmaker admits Republicans have drawn district lines to stop him	Politics
Trumps Tax Secrecy Will Haunt Republicans in 2018	Politics
New election analysis: Yes, it really was blatant racism that gave us President Donald Trump	Politics
President Trump still hasnt made one consequential deal. Not one.	Politics
Georgia special election: Jon Ossoff eyes runoff after narrowly missing outright win	Politics
GOP rep urges Trump to release taxes	Politics
Docs want single-payer and so should you	Politics
Trump weirdly says Korea was part of China, which is totally wrong and could enrage South Korea	Politics
FBI used Trump dossier to help get warrant to monitor ex-aide: report	Politics
Miami state senator curses at black lawmaker  and refers to fellow Republicans as niggas	Politics
California Assembly Committee Passes Bill to Ban Resources for Federal Marijuana Enforcement	Politics
First protected DREAMer is deported under Trump	Politics
Dirty Dossier helped the FBI obtain a surveillance warrant for former Trump adviser Carter Page	Politics
Poll: 61 percent of Texans oppose border wall to stop illegal immigration	Politics
Michael Moore: Trump voters will get buyers remorse	Politics
Pence: Misstatements about U.S. aircraft carrier location not intentional	Politics
Emoluments lawsuit could force Trump to cough up his tax returns	Politics
Donald Trumps Chinese Trademarks Now Part of Emoluments Lawsuit	Politics
The Continuing Fallout from Trump and Nuness Fake Scandal	Politics
GOP senator: Trump should spend less time at Mar-a-Lago	Politics
Officers rue the return of US war on drugs	Politics
Net neutrality: Americas libraries stand for freedom and fairness	Politics
White House Refuses to Promise Insurers That It Wont Sabotage Obamacare	Politics
Republicans grow concerned about Mar-a-Lago: Trump should spend more time in Washington	Politics
How much do we know about Blackwater founder Erik Prince  and his secretive role in shaping Trumps foreign policy?	Politics
Bill OReilly likely out at Fox News	Politics
Georgia Didnt Affirm Trump	Politics
Moya-Smith: Fox News Pundit Repulsively Compares Native Americans to ISIS	Politics
Fla. senator calls fellow GOPers n----rs, slurs black colleague	Politics
A month after firing all U.S. attorneys, no new ones in place at Justice Department	Politics
Trumps old tweets are quickly becoming a minefield of hypocrisy	Politics
Trump administration says Iran complying with nuclear deal	Politics
Clinton: That was my last race	Politics
Majority Say Wealthy Americans, Corporations Taxed Too Little	Politics
Trump business practices clash with executive order targeting foreign workers	Politics
Dem on Trump transparency: If you want privacy, dont go into politics	Politics
Poll: Bernie Sanders countrys most popular active politician	Politics
Congress Is A Retirement Home For Old White Men & That Has To Change	Politics
Blackwater Founder Erik Prince Said to Have Advised Trump Team	Politics
China approved three Ivanka trademarks on same day she met with Chinese president: report	Politics
Political favor backfiring on newly appointed Alabama senator	Politics
Ossoff leads in Georgia special election	Politics
Miami state senator curses at black lawmaker  and refers to fellow Republicans as niggas	Politics
Coal Museum Sees the Future; Trump Doesnt	Politics
Outspent 7:1, Democrats Pull Major Upset Victory in PW County	Politics
Trump administration certifies Iran is complying with the nuclear deal Trump once called the worst deal ever negotiated	Politics
Betsy DeVos Is Wasting No Time Screwing Over Students Who Borrow Money for College	Politics
Border Wall Could Cost 3 Times Estimates, Senate Democrats Report Says	Politics
Lawsuit Accuses Alt-Right Leader of Terror Campaign Against a Jewish Woman	Politics
Source: Fox News and Bill OReilly are talking exit	Politics
All male committee ensures rapists still have rights to see their victims children	Politics
Report: Murdochs leaning toward pulling OReilly off air	Politics
Aircraft Carrier Wasnt Sailing to Deter North Korea, as U.S. Suggested	Politics
Opinion: Donald Trump has just double-crossed the American working class	Politics
All in the family: Ivanka Trump won 3 trademarks in China after dining with Chinese President Xi Jinping	Politics
Trump touted armada he was sending to North Korea while it was sailing in opposite direction	Politics
Alabama may lose 1 electoral college vote due to slow growth	Politics
Donald Trump criticised for congratulating Recep Tayyip Erdogan on winning Turkish referendum	Politics
The Special Election in Georgia Is Heading to a Runoff	Politics
Guess Who Came to Dinner With Flynn and Putin	Politics
The Options for Impeaching Trump	Politics
Sanders urges Democrats to reach out to Trump supporters	Politics
Who Among Us Has Not Misplaced an Aircraft Carrier?	Politics
Republicans believe only corporations need a tax cut and everything else just complicates that goal.	Politics
How Did the Trump Administration Lose an Aircraft Carrier?	Politics
Steve King toasts Dreamer deportation with beer tweet	Politics
Report: Paul Manafort Now Advising Chinese Billionaire On Trump Infrastructure Contracts	Politics
GOP congressman says not my role to denounce hate speech, tells gay couples dont call it marriage.	Politics
A blue wave begins? Republicans may be in trouble in Kansas, Montana and Georgia elections	Politics
Scott Pruitts New Plan for the EPA Will Destroy Towns Like This One	Politics
Democrat Narrowly Misses Outright Win in Georgia House Race	Politics
Trump confuses North Korean leaders on Fox and Friends	Politics
Universal Basic Income: The Way to Fix Welfare	Politics
Dems Demand Kushners Clearances Be Revoked	Politics
Could Trumps Financial Ties Have Influenced His Phone Call With Erdogan?	Politics
Gerrymandering means Democrats are playing a rigged game  in Georgia and everywhere else	Politics
How Trumps First 100 Days Could End in a Government Shutdown	Politics
Watchdog group to sue for Trump Tower wiretap records	Politics
Official: White House, Pentagon miscommunicated on aircraft carriers location	Politics
Woman told ex-husband on his deathbed that Trump was impeached, so he could die happy	Politics
Oversight Dem blasts Trump family disclosures, wants Prince to testify	Politics
Florida senator used racial slurs to colleagues	Politics
In business dealings, Donald Trump has ignored Buy American ethos	Politics
Polls show Trump exhausts supporters and swing voters	Politics
Republicans face voter anger over Trump and his taxes	Politics
Trump falsely claims Obama policies to blame for growth of MS-13 gang in the U.S.	Politics
GOP Senator: I Do Wish Trump Would Host State Visits In DC, Not Mar-A-Lago	Politics
Ted Cruz wants to blame Democrats for a government shutdown in 2017	Politics
The future of the school-to-prison pipeline under Betsy DeVos is bleak	Politics
AMA With Ben Shapiro - The Daily Wires Ben Shapiro answers all your questions and solves your life problems in the process.	Politics
Utah Congressman Jason Chaffetz Will Not Seek Re-Election, Per Sources	Politics
Poll shows Texas Dem Castro leading Cruz	Politics
We just got a huge sign that the US intelligence community believes the Trump dossier is legitimate	Politics
After using n-word in front of black colleagues, Fla. state senator faces calls to resign	Politics
Donald Trump forgets Paul Ryans name and calls him Ron twice	Politics
Report: WH Directed Intel Agencies To Find Cover For Trumps Wiretap Claims	Politics
Montana will spend $750,000 to avoid making it easier for Democrats to vote	Politics
The Susan Rice Scandal Is Based on Absolutely Nothing	Politics
Exxon Seeks U.S. Waiver to Work in Russia Despite Sanctions	Politics
Fake story wrong about Malia Obama being expelled from Harvard for marijuana use	Politics
White House tries backpedaling from Trumps Turkey blunder	Politics
US President Donald Trump under fire for being the golfer-in-chief	Politics
Paul Manafort Has Not Registered as a Foreign Agent	Politics
Georgia state senator lets it slip: GOP gerrymandered Ossoffs district to disenfranchise Black voters	Politics
Exxon asks Trump administration for waiver from Russia sanctions	Politics
Trumps Tax Secrecy Will Haunt Republicans in 2018	Politics
Ex-Bush WH ethics lawyer on Chaffetz: If you cant do a job right, quit	Politics
Jason Chaffetz, Powerful House Republican, Wont Run in 2018	Politics
New election analysis: Yes, it really was blatant racism that gave us President Donald Trump	Politics
Sean Spicer cant name a single legislative accomplishment for Trumps first 100 days	Politics
Georgia special election: Jon Ossoff eyes runoff after narrowly missing outright win	Politics
Pence: Misstatements about U.S. aircraft carrier location not intentional	Politics
Opinion: Donald Trump has just double-crossed the American working class	Politics
Dirty Dossier helped the FBI obtain a surveillance warrant for former Trump adviser Carter Page	Politics
Trump Administration Grudgingly Confirms Irans Compliance With Nuclear Deal	Politics
Exxon Mobil has reportedly applied for a waiver to work in Russia	Politics
DNC Chair Slams Trumps Buy American Order: Start With Your Own Damn Businesses	Politics
Devin Nunes worked with Trump administration to create a fake scandal about Susan Rice: report	Politics
Report: White House Scrambled To Justify Trumps Accusation Of Wiretapping	Politics
Michael Moore: Trump voters will get buyers remorse	Politics
Poll: Trump approval rating underwater in Texas	Politics
Exxon seeks waiver from U.S. sanctions on Russia: WSJ	Politics
All male committee ensures rapists still have rights to see their victims children	Politics
Chaffetz wont run for reelection in 2018	Politics
President Trump Said in 2015 That He Has a Little Conflict of Interest in Turkey	Politics
Officers rue the return of US war on drugs	Politics
GOP rep urges Trump to release taxes	Politics
Todd Ricketts, Trumps deputy commerce secretary pick, withdraws from consideration	Politics
Another GOP Senator Says Donald Trump Should Release His Tax Returns	Politics
Trumps ethical squalor is worse than you thought	Politics
Rigged against Ossoff: Georgia lawmaker admits Republicans have drawn district lines to stop him	Politics
Tom Brady and Six Others Will Skip Patriots White House Visit Today	Politics
Sheldon Adelson Gave $5 Million for Trumps Inauguration	Politics
Sen. Elizabeth Warrens Call To Action: This Fight Will Take Everybody	Politics
Trumps Syria strike clearly broke international law  and no one seems to care	Politics
A month after dismissing federal prosecutors, Justice Department does not have any U.S. attorneys in place	Politics
The US economy has become disappointing since Donald Trump was elected president	Politics
Trump Has Deep Links to Organized Crime: Federal Investigators Know It and the Public Is Catching Up	Politics
Jason Chaffetzs Abrupt Exit	Politics
FBI used dossier allegations to bolster Trump-Russia investigation	Politics
Bernie Sanders Popularity Continues to Soar while Steve Bannon is Americas Least Popular Political Figure	Politics
Georgia Didnt Affirm Trump	Politics
How much do we know about Blackwater founder Erik Prince  and his secretive role in shaping Trumps foreign policy?	Politics
FBI used dossier allegations to bolster Trump-Russia investigation	Politics
Fla. senator calls fellow GOPers n----rs, slurs black colleague	Politics
Net neutrality: Americas libraries stand for freedom and fairness	Politics
Republican ethics chairman refusing to investigate Trump says he will not seek re-election	Politics
Trump business practices clash with executive order targeting foreign workers	Politics
GOP Sen. Susan Collins: Deporting DREAMer contradicts Trumps own policy	Politics
A lesbian couple got their marriage license  after a county clerk called them an abomination	Politics
Trumps Buy American, Hire American Executive Order Means You Shouldnt Buy His Products	Politics
Adam Schiff warns Trump will probably face serious crisis with North Korea in first term	Politics
Watchdog group to sue for Trump Tower wiretap records	Politics
Trump Job Approval - Disapprove 56%, Approve 40% (Quinnipiac 4/12-4/18)	Politics
New report reveals FBI has independently corroborated info in dossier on Trumps Russia connections	Politics
Trump Distorts Ossoffs Record	Politics
Colorado Must Return Fines To Exonerated Defendants, Supreme Court Rules	Politics
Sean Spicer Insists The White House Didnt Mislead Anyone About Location Of U.S. Ships	Politics
As Mar-a-Lago Prepares to Close for the Season, Trump Lines Up a New Getaway	Politics
Pence: The United States is not seeking negotiations with North Korea	Politics
DHS head John Kelly gave a clear signal that the Trump administration is heading for a marijuana crackdown	Politics
President Trump still hasnt made one consequential deal. Not one.	Politics
Spicer grilled on USS Carl Vinson confusion	Politics
Trumps approval rating still underwater, polls show	Politics
Docs want single-payer and so should you	Politics
Trumps base turns on him	Politics
House Oversight Chairman Jason Chaffetz wont seek reelection	Politics
Trumps Climate Change Policy is Strongly Opposed by Americans, Poll Shows	Politics
After years of Trump railing against the Iran deal, his administration concedes its working	Politics
Currency Traders Spot Fatal Flaw in Republicans Border Tax Plan	Politics
Larry Fink: Warning Signs Are Getting Darker for the U.S. Economy	Politics
California Assembly Committee Passes Bill to Ban Resources for Federal Marijuana Enforcement	Politics
Miami state senator curses at black lawmaker  and refers to fellow Republicans as niggas	Politics
Coal Museum Sees the Future; Trump Doesnt	Politics
FBI used Trump dossier to help get warrant to monitor ex-aide: report	Politics
Trump weirdly says Korea was part of China, which is totally wrong and could enrage South Korea	Politics
Why the GOP shouldnt be celebrating a runoff in Georgias 6th District	Politics
A month after firing all U.S. attorneys, no new ones in place at Justice Department	Politics
First DREAMer Deported to Mexico Under Trump Files Lawsuit	Politics
First protected DREAMer is deported under Trump	Politics
Not a single US attorney position has been filled since Sessions and Trump cleaned house last month	Politics
Report: WH Directed Intel Agencies To Find Cover For Trumps Wiretap Claims	Politics
While Trump trumpets coal, Europe is phasing it out faster than ever	Politics
Tom Brady will not visit Donald Trump and White House with rest of Patriots	Politics
Poll: 61 percent of Texans oppose border wall to stop illegal immigration	Politics
Fox Is Reportedly Preparing for Bill OReillys Exit	Politics
Iowa Senate passes medical marijuana bill, now goes to House	Politics
Democrat Defeats Republican In Virginia Court Clerk Race	Politics
Chicago Cubs co-owner wont join Trump Cabinet: report	Politics
